{"rpo.redstonetweaks": "Redstone Tweaks", "rpo.redstonetweaks.extra": "Extra", "rpo.redstonetweaks.extra.tooltip": "Advanced options & features", "rpo.redstonetweaks.extra.droppers_triggered": "Dropper & Dispenser:\u00a77 Power indicators", "rpo.redstonetweaks.extra.droppers_triggered.tooltip": "Show triggered", "rpo.redstonetweaks.extra.hide_map_icons": "Map:\u00a77 Hide icons", "rpo.redstonetweaks.extra.hide_map_icons.tooltip": "Useful for map displays", "rpo.redstonetweaks.extra.hopper_locked": "Hopper:\u00a77 Power indicators", "rpo.redstonetweaks.extra.hopper_locked.tooltip": "Show locked", "rpo.redstonetweaks.extra.leaves_persistent_only": "Leaves:\u00a77 Only show persistent distance", "rpo.redstonetweaks.extra.leaves_persistent_only.tooltip": "Only show distance when persistent (placed by hand)", "rpo.redstonetweaks.extra.trapdoor_lamps": "Iron Trapdoor:\u00a77 Replace with redstone lamp", "rpo.redstonetweaks.extra.trapdoor_lamps.tooltip": "Useful for animated redstone displays", "rpo.redstonetweaks.outlines": "Outlines", "rpo.redstonetweaks.outlines.concrete": "Concrete", "rpo.redstonetweaks.outlines.powder": "Concrete Powder", "rpo.redstonetweaks.outlines.terracotta": "Terracotta", "rpo.redstonetweaks.outlines.tooltip": "Choose which block outlines to show", "rpo.redstonetweaks.outlines.wool": "Wool", "rpo.redstonetweaks.preset.computational": "Computational", "rpo.redstonetweaks.preset.essentials": "Essentials", "rpo.redstonetweaks.preset.maximum": "Maximum", "rpo.redstonetweaks.preset.standard": "Standard", "rpo.redstonetweaks.redstone": "Redstone", "rpo.redstonetweaks.redstone.tooltip": "Toggle primary features", "rpo.redstonetweaks.redstone.bees": "Bee Nest & Hive", "rpo.redstonetweaks.redstone.bees.tooltip": "Show comparator output", "rpo.redstonetweaks.redstone.bell": "Bell", "rpo.redstonetweaks.redstone.bell.tooltip": "Show powered", "rpo.redstonetweaks.redstone.blast_furnace": "Blast Furnace", "rpo.redstonetweaks.redstone.blast_furnace.tooltip": "Show lit", "rpo.redstonetweaks.redstone.cake": "Cake", "rpo.redstonetweaks.redstone.cake.tooltip": "Show comparator output", "rpo.redstonetweaks.redstone.calibrated_sculk_sensor": "Calibrated Sculk Sensor", "rpo.redstonetweaks.redstone.calibrated_sculk_sensor.tooltip": "Show signal strength & cooldown", "rpo.redstonetweaks.redstone.cauldrons": "Cauldron", "rpo.redstonetweaks.redstone.cauldrons.tooltip": "Show comparator output", "rpo.redstonetweaks.redstone.comparator": "Redstone Comparator", "rpo.redstonetweaks.redstone.comparator.tooltip": "Show mode & bottom texture", "rpo.redstonetweaks.redstone.composter": "Composter", "rpo.redstonetweaks.redstone.composter.tooltip": "Show comparator output", "rpo.redstonetweaks.redstone.crafter": "Crafter", "rpo.redstonetweaks.redstone.crafter.tooltip": "Show triggered & crafting", "rpo.redstonetweaks.redstone.daylight_detector": "Daylight Detector", "rpo.redstonetweaks.redstone.daylight_detector.tooltip": "Show signal strength", "rpo.redstonetweaks.redstone.detector_rail": "Detector Rail", "rpo.redstonetweaks.redstone.detector_rail.tooltip": "Show powered", "rpo.redstonetweaks.redstone.droppers": "Dropper & Dispenser", "rpo.redstonetweaks.redstone.droppers.tooltip": "Show triggered & direction", "rpo.redstonetweaks.redstone.furnace": "Furnace", "rpo.redstonetweaks.redstone.furnace.tooltip": "Show lit", "rpo.redstonetweaks.redstone.hopper": "Hopper", "rpo.redstonetweaks.redstone.hopper.tooltip": "Show locked & direction", "rpo.redstonetweaks.redstone.iron_door": "Iron Door", "rpo.redstonetweaks.redstone.iron_door.tooltip": "Show powered", "rpo.redstonetweaks.redstone.jukebox": "Jukebox", "rpo.redstonetweaks.redstone.jukebox.tooltip": "Show playing", "rpo.redstonetweaks.redstone.leaves": "Leaves", "rpo.redstonetweaks.redstone.leaves.tooltip": "Show distance from log", "rpo.redstonetweaks.redstone.lectern": "Lectern", "rpo.redstonetweaks.redstone.lectern.tooltip": "Show powered", "rpo.redstonetweaks.redstone.lever": "Lever", "rpo.redstonetweaks.redstone.lever.tooltip": "Show powered & back texture", "rpo.redstonetweaks.redstone.note_block": "Note Block", "rpo.redstonetweaks.redstone.note_block.tooltip": "Show powered, note & instrument", "rpo.redstonetweaks.redstone.observer": "Observer", "rpo.redstonetweaks.redstone.observer.tooltip": "Show direction & powered", "rpo.redstonetweaks.redstone.ore": "Redstone Ore", "rpo.redstonetweaks.redstone.ore.tooltip": "Show lit", "rpo.redstonetweaks.redstone.pistons": "Pistons", "rpo.redstonetweaks.redstone.pistons.tooltip": "Show powered & sticky", "rpo.redstonetweaks.redstone.plates": "Weighted Pressure Plates", "rpo.redstonetweaks.redstone.plates.tooltip": "Show signal strength", "rpo.redstonetweaks.redstone.redstone_lamp": "Redstone Lamp", "rpo.redstonetweaks.redstone.redstone_lamp.tooltip": "Full square texture", "rpo.redstonetweaks.redstone.redstone_wire": "Redstone Dust", "rpo.redstonetweaks.redstone.redstone_wire.tooltip": "Show signal strength", "rpo.redstonetweaks.redstone.repeater": "Redstone Repeater", "rpo.redstonetweaks.redstone.repeater.tooltip": "Show delay & bottom texture", "rpo.redstonetweaks.redstone.respawn_anchor": "Respawn Anchor", "rpo.redstonetweaks.redstone.respawn_anchor.tooltip": "Show comparator output", "rpo.redstonetweaks.redstone.scaffolding": "Scaffolding", "rpo.redstonetweaks.redstone.scaffolding.tooltip": "Show distance", "rpo.redstonetweaks.redstone.sculk_sensor": "Sculk Sensor", "rpo.redstonetweaks.redstone.sculk_sensor.tooltip": "Show signal strength & cooldown", "rpo.redstonetweaks.redstone.smoker": "Smoker", "rpo.redstonetweaks.redstone.smoker.tooltip": "Show lit", "rpo.redstonetweaks.redstone.target": "Target", "rpo.redstonetweaks.redstone.target.tooltip": "Show signal strength", "rpo.redstonetweaks.redstone.trapped_chest": "Trapped Chest", "rpo.redstonetweaks.redstone.trapped_chest.tooltip": "Show trapped", "rpo.redstonetweaks.redstone.tripwire": "Tripwire", "rpo.redstonetweaks.redstone.tripwire.tooltip": "Show triggered & connected", "rpo.redstonetweaks.redstone.tripwire_hook": "Tripwire Hook", "rpo.redstonetweaks.redstone.tripwire_hook.tooltip": "Show triggered & connected", "rpo.redstonetweaks.style": "Style", "rpo.redstonetweaks.style.tooltip": "Modify textures for active features", "rpo.redstonetweaks.style.bees_show_0": "Bee Nest & Hive:\u00a77 Show comparator output 0", "rpo.redstonetweaks.style.cake_show_14": "Cake:\u00a77 Show comparator output 14", "rpo.redstonetweaks.style.cauldron": "Cauldron:\u00a77 Number style", "rpo.redstonetweaks.style.cauldron.animated": "Animated", "rpo.redstonetweaks.style.cauldron.dark": "Dark", "rpo.redstonetweaks.style.cauldron.static": "Static", "rpo.redstonetweaks.style.cauldron_show_0": "Cauldron:\u00a77 Show comparator output 0", "rpo.redstonetweaks.style.comparator": "Redstone Comparator:\u00a77 Mode symbol color when powered", "rpo.redstonetweaks.style.comparator.red": "Red", "rpo.redstonetweaks.style.comparator.white": "White", "rpo.redstonetweaks.style.composter": "Composter: \u00a77 Number style", "rpo.redstonetweaks.style.composter.dark": "Dark", "rpo.redstonetweaks.style.composter.light": "Light", "rpo.redstonetweaks.style.composter_show_0": "Composter:\u00a77 Show comparator output 0", "rpo.redstonetweaks.style.droppers_indicator": "Dropper & Dispenser:\u00a77 Back power indicator", "rpo.redstonetweaks.style.droppers_indicator.centered": "Centered", "rpo.redstonetweaks.style.droppers_indicator.raised": "Raised", "rpo.redstonetweaks.style.leaves_show_7": "Leaves:\u00a77 Show distance 7", "rpo.redstonetweaks.style.note_block_instrument": "Note Block:\u00a77 Show instrument", "rpo.redstonetweaks.style.note_block_note": "Note Block:\u00a77 Show note", "rpo.redstonetweaks.style.note_block_power": "Note Block:\u00a77 Power indicator", "rpo.redstonetweaks.style.note_block_power.glow": "Glow", "rpo.redstonetweaks.style.note_block_power.none": "None", "rpo.redstonetweaks.style.note_block_power.small": "Small", "rpo.redstonetweaks.style.observer_face": "Observer:\u00a77 Face", "rpo.redstonetweaks.style.observer_face.eyebrow": "Eyebrow", "rpo.redstonetweaks.style.observer_face.glasses": "Glasses", "rpo.redstonetweaks.style.observer_face.hmmmm": "Hmmmm", "rpo.redstonetweaks.style.observer_face.normal": "Normal", "rpo.redstonetweaks.style.observer_face.owobserver": "owobserver", "rpo.redstonetweaks.style.observer_face.pogserver": "Pogserver", "rpo.redstonetweaks.style.observer_face.rage": "Rage", "rpo.redstonetweaks.style.observer_face.scream": "Scream", "rpo.redstonetweaks.style.observer_face.think": "Think", "rpo.redstonetweaks.style.pistons_differentiate_sticky": "Pistons:\u00a77 Differentiate regular and sticky back", "rpo.redstonetweaks.style.pistons_indicator": "Pistons:\u00a77 Back power indicator", "rpo.redstonetweaks.style.pistons_indicator.corner": "Corner", "rpo.redstonetweaks.style.pistons_indicator.dark": "Dark", "rpo.redstonetweaks.style.pistons_indicator.metallic": "Metallic", "rpo.redstonetweaks.style.pistons_indicator.none": "None", "rpo.redstonetweaks.style.plates_show_0": "Weighted Pressure Plates:\u00a77 Show signal strength 0", "rpo.redstonetweaks.style.redstone_wire": "Redstone Dust:\u00a77 Wire style", "rpo.redstonetweaks.style.redstone_wire.clean": "Clean", "rpo.redstonetweaks.style.redstone_wire.vanilla": "Vanilla", "rpo.redstonetweaks.style.redstone_wire_numbers": "Redstone Dust:\u00a77 Signal strength numbers", "rpo.redstonetweaks.style.redstone_wire_numbers.hidden": "Hidden", "rpo.redstonetweaks.style.redstone_wire_numbers.show_1_15": "Only powered", "rpo.redstonetweaks.style.redstone_wire_numbers.show_all": "Show all", "rpo.redstonetweaks.style.repeater": "Redstone Repeater:\u00a77 Delay symbol color when powered", "rpo.redstonetweaks.style.repeater.red": "Red", "rpo.redstonetweaks.style.repeater.white": "White", "rpo.redstonetweaks.style.respawn_anchor_show_0": "Respawn Anchor:\u00a77 Show comparator output 0", "rpo.redstonetweaks.style.scaffolding_show_0": "Scaffolding:\u00a77 Show distance 0", "rpo.redstonetweaks.style.sculk_sensors_show_0": "Sculk Sensors:\u00a77 Show signal strength 0", "rpo.redstonetweaks.style.target_show_0": "Target:\u00a77 Show signal strength 0", "rpo.redstonetweaks.tooltips": "Tooltips", "rpo.redstonetweaks.tooltips.tooltip": "Show guides & tooltips", "rpo.redstonetweaks.tooltips.activation_duration": "Activation duration tooltips", "rpo.redstonetweaks.tooltips.activation_duration.tooltip": "Show activation duration for various (input) items", "rpo.redstonetweaks.tooltips.discs": "Music Discs:\u00a77 Comparator output & duration", "rpo.redstonetweaks.tooltips.jukebox": "Jukebox:\u00a77 Comparator output guide", "rpo.redstonetweaks.tooltips.sculk_sensors": "Sculk Sensors:\u00a77 Frequency guide", "rpo.redstonetweaks.tooltips.ss_barrel": "  \u2937 Barrel", "rpo.redstonetweaks.tooltips.ss_brewing": "  \u2937 Brewing Stand", "rpo.redstonetweaks.tooltips.ss_chests": "  \u2937 Chest & Double Chest", "rpo.redstonetweaks.tooltips.ss_chest_minecart": "  \u2937 Chest Minecart", "rpo.redstonetweaks.tooltips.ss_decorated_pot": "  \u2937 Decorated Pot", "rpo.redstonetweaks.tooltips.ss_droppers": "  \u2937 Dropper & Dispenser", "rpo.redstonetweaks.tooltips.ss_furnaces": "  \u2937 Furnace, Blast Furnace & Smoker", "rpo.redstonetweaks.tooltips.ss_hopper": "  \u2937 Hopper", "rpo.redstonetweaks.tooltips.ss_hopper_minecart": "  \u2937 Hopper Minecart", "rpo.redstonetweaks.tooltips.ss_override": "Comparator output charts \u00a7noverride", "rpo.redstonetweaks.tooltips.ss_override.all": "\u00a7a\u00a7lAll", "rpo.redstonetweaks.tooltips.ss_override.none": "\u00a7c\u00a7lNone", "rpo.redstonetweaks.tooltips.ss_override.select": "Selection", "rpo.redstonetweaks.tooltips.ss_shulker": "  \u2937 Shulker Box", "${activation_duration}block.minecraft.acacia_button": "\u0410\u043a\u0430\u0446\u0438\u0435\u0432 \u0431\u0443\u0442\u043e\u043d \ue102\u22651.5s", "${activation_duration}block.minecraft.bamboo_button": "\u0411\u0430\u043c\u0431\u0443\u043a\u043e\u0432 \u0431\u0443\u0442\u043e\u043d \ue102\u22651.5s", "${activation_duration}block.minecraft.birch_button": "\u0411\u0440\u0435\u0437\u043e\u0432 \u0431\u0443\u0442\u043e\u043d \ue102\u22651.5s", "${activation_duration}block.minecraft.cherry_button": "\u0427\u0435\u0440\u0435\u0448\u043e\u0432 \u0431\u0443\u0442\u043e\u043d \ue102\u22651.5s", "${activation_duration}block.minecraft.crimson_button": "\u041f\u0443\u0440\u043f\u0443\u0440\u0435\u043d \u0431\u0443\u0442\u043e\u043d \ue102\u22651.5s", "${activation_duration}block.minecraft.dark_oak_button": "\u0411\u0443\u0442\u043e\u043d \u043e\u0442 \u0447\u0435\u0440\u0435\u043d \u0434\u044a\u0431 \ue102\u22651.5s", "${activation_duration}block.minecraft.jungle_button": "\u0414\u0436\u0443\u043d\u0433\u043b\u043e\u0432 \u0431\u0443\u0442\u043e\u043d \ue102\u22651.5s", "${activation_duration}block.minecraft.mangrove_button": "\u041c\u0430\u043d\u0433\u0440\u043e\u0432 \u0431\u0443\u0442\u043e\u043d \ue102\u22651.5s", "${activation_duration}block.minecraft.oak_button": "\u0414\u044a\u0431\u043e\u0432 \u0431\u0443\u0442\u043e\u043d \ue102\u22651.5s", "${activation_duration}block.minecraft.pale_oak_button": "\u0411\u0443\u0442\u043e\u043d \u043e\u0442 \u0431\u043b\u0435\u0434 \u0434\u044a\u0431 \ue102\u22651.5s", "${activation_duration}block.minecraft.polished_blackstone_button": "\u0411\u0443\u0442\u043e\u043d \u043e\u0442 \u043f\u043e\u043b\u0438\u0440\u0430\u043d \u0447\u0435\u0440\u0435\u043d \u043a\u0430\u043c\u044a\u043a \ue1021s", "${activation_duration}block.minecraft.spruce_button": "\u0421\u043c\u044a\u0440\u0447\u043e\u0432 \u0431\u0443\u0442\u043e\u043d \ue102\u22651.5s", "${activation_duration}block.minecraft.stone_button": "\u041a\u0430\u043c\u0435\u043d\u0435\u043d \u0431\u0443\u0442\u043e\u043d \ue1021s", "${activation_duration}block.minecraft.warped_button": "\u0428\u0430\u043d\u0442\u0430\u0432 \u0431\u0443\u0442\u043e\u043d \ue102\u22651.5s", "${activation_duration}block.minecraft.acacia_pressure_plate": "\u0410\u043a\u0430\u0446\u0438\u0435\u0432\u0430 \u043f\u0440\u0435\u0442\u0435\u0433\u043b\u044f\u0449\u0430 \u0441\u0438\u0433\u043d\u0430\u043b\u043d\u0430 \u043f\u043b\u043e\u0447\u0430 \ue102\u22651s", "${activation_duration}block.minecraft.bamboo_pressure_plate": "\u0411\u0430\u043c\u0431\u0443\u043a\u043e\u0432\u0430 \u0441\u0438\u0433\u043d\u0430\u043b\u043d\u0430 \u043f\u043b\u043e\u0447\u0430 \ue102\u22651s", "${activation_duration}block.minecraft.birch_pressure_plate": "\u0411\u0440\u0435\u0437\u043e\u0432\u0430 \u043f\u0440\u0435\u0442\u0435\u0433\u043b\u044f\u0449\u0430 \u0441\u0438\u0433\u043d\u0430\u043b\u043d\u0430 \u043f\u043b\u043e\u0447\u0430 \ue102\u22651s", "${activation_duration}block.minecraft.cherry_pressure_plate": "\u0427\u0435\u0440\u0435\u0448\u043e\u0432\u0430 \u043f\u0440\u0435\u0442\u0435\u0433\u043b\u044f\u0449\u0430 \u0441\u0438\u0433\u043d\u0430\u043b\u043d\u0430 \u043f\u043b\u043e\u0447\u0430 \ue102\u22651s", "${activation_duration}block.minecraft.crimson_pressure_plate": "\u041f\u0443\u0440\u043f\u0443\u0440\u043d\u0430 \u0441\u0438\u0433\u043d\u0430\u043b\u043d\u0430 \u043f\u043b\u043e\u0447\u0430 \ue102\u22651s", "${activation_duration}block.minecraft.dark_oak_pressure_plate": "\u041f\u0440\u0435\u0442\u0435\u0433\u043b\u044f\u0449\u0430 \u0441\u0438\u0433\u043d\u0430\u043b\u043d\u0430 \u043f\u043b\u043e\u0447\u0430 \u043e\u0442 \u0447\u0435\u0440\u0435\u043d \u0434\u044a\u0431 \ue102\u22651s", "${activation_duration}block.minecraft.heavy_weighted_pressure_plate": "\u0422\u0435\u0436\u043a\u043e\u0447\u0443\u0432\u0441\u0442\u0432\u0438\u0442\u0435\u043b\u043d\u0430 \u0441\u0438\u0433\u043d\u0430\u043b\u043d\u0430 \u043f\u043b\u043e\u0447\u0430 \ue102\u22650.5s", "${activation_duration}block.minecraft.jungle_pressure_plate": "\u0414\u0436\u0443\u043d\u0433\u043b\u043e\u0432\u0430 \u043f\u0440\u0435\u0442\u0435\u0433\u043b\u044f\u0449\u0430 \u0441\u0438\u0433\u043d\u0430\u043b\u043d\u0430 \u043f\u043b\u043e\u0447\u0430 \ue102\u22651s", "${activation_duration}block.minecraft.light_weighted_pressure_plate": "\u041b\u0435\u043a\u043e\u0447\u0443\u0432\u0441\u0442\u0432\u0438\u0442\u0435\u043b\u043d\u0430 \u0441\u0438\u0433\u043d\u0430\u043b\u043d\u0430 \u043f\u043b\u043e\u0447\u0430 \ue102\u22650.5s", "${activation_duration}block.minecraft.mangrove_pressure_plate": "\u041c\u0430\u043d\u0433\u0440\u043e\u0432\u0430 \u043f\u0440\u0435\u0442\u0435\u0433\u043b\u044f\u0449\u0430 \u0441\u0438\u0433\u043d\u0430\u043b\u043d\u0430 \u043f\u043b\u043e\u0447\u0430 \ue102\u22651s", "${activation_duration}block.minecraft.oak_pressure_plate": "\u0414\u044a\u0431\u043e\u0432\u0430 \u043f\u0440\u0435\u0442\u0435\u0433\u043b\u044f\u0449\u0430 \u0441\u0438\u0433\u043d\u0430\u043b\u043d\u0430 \u043f\u043b\u043e\u0447\u0430 \ue102\u22651s", "${activation_duration}block.minecraft.pale_oak_pressure_plate": "\u041f\u0440\u0435\u0442\u0435\u0433\u043b\u044f\u0449\u0430 \u0441\u0438\u0433\u043d\u0430\u043b\u043d\u0430 \u043f\u043b\u043e\u0447\u0430 \u043e\u0442 \u0431\u043b\u0435\u0434 \u0434\u044a\u0431 \ue102\u22651s", "${activation_duration}block.minecraft.polished_blackstone_pressure_plate": "\u0421\u0438\u0433\u043d\u0430\u043b\u043d\u0430 \u043f\u043b\u043e\u0447\u0430 \u043e\u0442 \u043f\u043e\u043b\u0438\u0440\u0430\u043d \u0447\u0435\u0440\u0435\u043d \u043a\u0430\u043c\u044a\u043a \ue102\u22651s", "${activation_duration}block.minecraft.spruce_pressure_plate": "\u0421\u043c\u044a\u0440\u0447\u043e\u0432\u0430 \u043f\u0440\u0435\u0442\u0435\u0433\u043b\u044f\u0449\u0430 \u0441\u0438\u0433\u043d\u0430\u043b\u043d\u0430 \u043f\u043b\u043e\u0447\u0430 \ue102\u22651s", "${activation_duration}block.minecraft.stone_pressure_plate": "\u041a\u0430\u043c\u0435\u043d\u043d\u0430 \u043f\u0440\u0435\u0442\u0435\u0433\u043b\u044f\u0449\u0430 \u0441\u0438\u0433\u043d\u0430\u043b\u043d\u0430 \u043f\u043b\u043e\u0447\u0430 \ue102\u22651s", "${activation_duration}block.minecraft.warped_pressure_plate": "\u0428\u0430\u043d\u0442\u0430\u0432\u0430 \u0441\u0438\u0433\u043d\u0430\u043b\u043d\u0430 \u043f\u043b\u043e\u0447\u0430 \ue102\u22651s", "${sculk_both}block.minecraft.calibrated_sculk_sensor": "\uf7fc\u00a7f\ue014\uf780\uf7f0\uf7f8\uf7fc\uf7fe\u041a\u0430\u043b\u0438\u0431\u0440\u0438\u0440\u0430\u043d \u0441\u043a\u044a\u043b\u043a \u0441\u0435\u043d\u0437\u043e\u0440 \ue1020.5s", "${sculk_chart}block.minecraft.calibrated_sculk_sensor": "\uf7fc\u00a7f\ue014\uf780\uf7f0\uf7f8\uf7fc\uf7fe\u041a\u0430\u043b\u0438\u0431\u0440\u0438\u0440\u0430\u043d \u0441\u043a\u044a\u043b\u043a \u0441\u0435\u043d\u0437\u043e\u0440", "${sculk_duration}block.minecraft.calibrated_sculk_sensor": "\u041a\u0430\u043b\u0438\u0431\u0440\u0438\u0440\u0430\u043d \u0441\u043a\u044a\u043b\u043a \u0441\u0435\u043d\u0437\u043e\u0440 \ue1020.5s", "${ss_decorated_pot}block.minecraft.decorated_pot": "\uf7fc\u00a7f\ue015\uf780\uf7fc\uf7fe\uf7ff\u0423\u043a\u0440\u0430\u0441\u0435\u043d\u043e \u0433\u044a\u0440\u043d\u0435", "${activation_duration}block.minecraft.detector_rail": "\u0418\u043d\u0434\u0438\u043a\u0430\u0442\u043e\u0440\u043d\u0438 \u0440\u0435\u043b\u0441\u0438 \ue102\u22651s", "${jukebox}block.minecraft.jukebox": "\uf7fc\u00a7f\ue013\uf7c0\uf7e0\uf7f0\uf7f8\uf7fc\uf7ff\u0414\u0436\u0443\u0431\u043e\u043a\u0441", "${activation_duration}block.minecraft.lectern": "\u041f\u043e\u0441\u0442\u0430\u0432\u043a\u0430 \u0437\u0430 \u043a\u043d\u0438\u0433\u0430 \ue1020.1s", "${activation_duration}block.minecraft.lightning_rod": "\u0413\u0440\u044a\u043c\u043e\u043e\u0442\u0432\u043e\u0434 \ue1020.4s", "${sculk_both}block.minecraft.sculk_sensor": "\uf7fc\u00a7f\ue014\uf780\uf7f0\uf7f8\uf7fc\uf7fe\u0421\u043a\u044a\u043b\u043a \u0441\u0435\u043d\u0437\u043e\u0440 \ue1021.5s", "${sculk_chart}block.minecraft.sculk_sensor": "\uf7fc\u00a7f\ue014\uf780\uf7f0\uf7f8\uf7fc\uf7fe\u0421\u043a\u044a\u043b\u043a \u0441\u0435\u043d\u0437\u043e\u0440", "${sculk_duration}block.minecraft.sculk_sensor": "\u0421\u043a\u044a\u043b\u043a \u0441\u0435\u043d\u0437\u043e\u0440 \ue1021.5s", "${activation_duration}block.minecraft.target": "\u041c\u0438\u0448\u0435\u043d\u0430 \ue1020.4s,1s", "${activation_duration}block.minecraft.tripwire_hook": "\u041a\u0443\u043a\u0430 \u0437\u0430 \u043a\u0430\u043f\u0430\u043d\u0438 \ue102\u22650.5s", "${ss_brewing}container.brewing": "\u00a7f\ue001\uf820\uf808\uf804\uf801\u00a7r\u0421\u0442\u0430\u0442\u0438\u0432 \u0437\u0430 \u043e\u0442\u0432\u0430\u0440\u0438\uf820\uf808\uf804\uf802\u00a7f\ue002\uf804\uf801", "${ss_barrel}container.barrel": "\u0411\u0430\u0440\u0435\u043b\uf880\uf808\uf804\uf802\u00a7f\ue010", "${ss_furnaces}container.blast_furnace": "\uf880\uf820\uf808\uf801\u0414\u043e\u043c\u0435\u043d\u043d\u0430 \u043f\u0435\u0449\uf820\uf810\uf808\uf802\uf801\u00a7f\ue005", "${ss_chests}container.chest": "\u0421\u0430\u043d\u0434\u044a\u043a\uf880\uf804\uf802\uf801\u00a7f\ue009", "${ss_chests}container.chestDouble": "\u0413\u043e\u043b\u044f\u043c \u0441\u0430\u043d\u0434\u044a\u043a\uf840\uf820\uf804\uf801\u00a7f\ue012", "${ss_droppers}container.dispenser": "\uf880\uf820\uf802\uf801\u0420\u0430\u0437\u043f\u0440\u0435\u0434\u0435\u043b\u0438\u0442\u0435\u043b\uf820\uf810\uf804\u00a7f\ue008", "${ss_droppers}container.dropper": "\uf880\uf820\uf808\uf804\uf801\u0418\u0437\u043f\u0443\u0441\u043a\u0430\u0442\u0435\u043b\uf820\uf810\uf808\uf804\uf802\u00a7f\ue007", "${ss_furnaces}container.furnace": "\uf880\uf840\uf801\u041f\u0435\u0449\uf840\uf810\uf802\u00a7f\ue003", "${ss_hopper}container.hopper": "\u0424\u0443\u043d\u0438\u044f\uf880\uf808\uf804\u00a7f\ue006", "${ss_shulker}container.shulkerBox": "Shulker \u043a\u0443\u0442\u0438\u044f\uf840\uf820\uf804\uf801\u00a7f\ue011", "${ss_furnaces}container.smoker": "\uf880\uf820\uf804\u041f\u0443\u0448\u0435\u0447\u043d\u0430 \u0444\u0443\u0440\u043d\u0430\uf820\uf810\uf804\uf802\u00a7f\ue004", "${ss_chest_minecart}entity.minecraft.chest_minecart": "\u0422\u043e\u0432\u0430\u0440\u043d\u0430 \u0432\u0430\u0433\u043e\u043d\u0435\u0442\u043a\u0430\uf840\uf808\uf802\u00a7f\ue009", "${ss_hopper_minecart}entity.minecraft.hopper_minecart": "\u0412\u0430\u0433\u043e\u043d\u0435\u0442\u043a\u0430 \u0441 \u0444\u0443\u043d\u0438\u044f\uf840\uf808\uf804\u00a7f\ue006", "${discs}jukebox_song.minecraft.11": "C418 - 11 \u00a7f\ue101\u00a7711 \u00a7f\ue102\u00a771:12.1", "${discs}jukebox_song.minecraft.13": "C418 - 13 \u00a7f\ue101\u00a771 \u00a7f\ue102\u00a772:59.1", "${discs}jukebox_song.minecraft.5": "Samuel \u00c5berg - 5 \u00a7f\ue101\u00a7715 \u00a7f\ue102\u00a772:59.1", "${discs}jukebox_song.minecraft.blocks": "C418 - blocks \u00a7f\ue101\u00a773 \u00a7f\ue102\u00a775:46.1", "${discs}jukebox_song.minecraft.cat": "C418 - cat \u00a7f\ue101\u00a772 \u00a7f\ue102\u00a773:06.1", "${discs}jukebox_song.minecraft.chirp": "C418 - chirp \u00a7f\ue101\u00a774 \u00a7f\ue102\u00a773:06.1", "${discs}jukebox_song.minecraft.creator_music_box": "Lena Raine - Creator (\u041c\u0443\u0437\u0438\u043a\u0430\u043b\u043d\u0430 \u043a\u0443\u0442\u0438\u044f) \u00a7f\ue101\u00a7711 \u00a7f\ue102\u00a771:14.1", "${discs}jukebox_song.minecraft.creator": "Lena Raine - Creator \u00a7f\ue101\u00a7712 \u00a7f\ue102\u00a772:57.1", "${discs}jukebox_song.minecraft.far": "C418 - far \u00a7f\ue101\u00a775 \u00a7f\ue102\u00a772:55.1", "${discs}jukebox_song.minecraft.lava_chicken": "Hyper Potions - Lava Chicken \u00a7f\ue101\u00a779 \u00a7f\ue102\u00a772:15.1", "${discs}jukebox_song.minecraft.mall": "C418 - mall \u00a7f\ue101\u00a776 \u00a7f\ue102\u00a773:18.1", "${discs}jukebox_song.minecraft.mellohi": "C418 - mellohi \u00a7f\ue101\u00a777 \u00a7f\ue102\u00a771:37.1", "${discs}jukebox_song.minecraft.otherside": "Lena Raine - otherside \u00a7f\ue101\u00a7714 \u00a7f\ue102\u00a773:16.1", "${discs}jukebox_song.minecraft.pigstep": "Lena Raine - Pigstep \u00a7f\ue101\u00a7713 \u00a7f\ue102\u00a772:30.1", "${discs}jukebox_song.minecraft.precipice": "Aaron Cherof - Precipice \u00a7f\ue101\u00a7713 \u00a7f\ue102\u00a775:00.1", "${discs}jukebox_song.minecraft.relic": "Aaron Cherof - Relic \u00a7f\ue101\u00a7714 \u00a7f\ue102\u00a773:39.1", "${discs}jukebox_song.minecraft.stal": "C418 - stal \u00a7f\ue101\u00a778 \u00a7f\ue102\u00a772:31.1", "${discs}jukebox_song.minecraft.strad": "C418 - strad \u00a7f\ue101\u00a779 \u00a7f\ue102\u00a773:09.1", "${discs}jukebox_song.minecraft.tears": "Amos Roddy - Tears \u00a7f\ue101\u00a7710 \u00a7f\ue102\u00a772:56.1", "${discs}jukebox_song.minecraft.wait": "C418 - wait \u00a7f\ue101\u00a7712 \u00a7f\ue102\u00a773:59.1", "${discs}jukebox_song.minecraft.ward": "C418 - ward \u00a7f\ue101\u00a7710 \u00a7f\ue102\u00a774:12.1"}