{"rpo.redstonetweaks": "Redstone Tweaks", "rpo.redstonetweaks.extra": "Extra", "rpo.redstonetweaks.extra.tooltip": "Advanced options & features", "rpo.redstonetweaks.extra.droppers_triggered": "Dropper & Dispenser:\u00a77 Power indicators", "rpo.redstonetweaks.extra.droppers_triggered.tooltip": "Show triggered", "rpo.redstonetweaks.extra.hide_map_icons": "Map:\u00a77 Hide icons", "rpo.redstonetweaks.extra.hide_map_icons.tooltip": "Useful for map displays", "rpo.redstonetweaks.extra.hopper_locked": "Hopper:\u00a77 Power indicators", "rpo.redstonetweaks.extra.hopper_locked.tooltip": "Show locked", "rpo.redstonetweaks.extra.leaves_persistent_only": "Leaves:\u00a77 Only show persistent distance", "rpo.redstonetweaks.extra.leaves_persistent_only.tooltip": "Only show distance when persistent (placed by hand)", "rpo.redstonetweaks.extra.trapdoor_lamps": "Iron Trapdoor:\u00a77 Replace with redstone lamp", "rpo.redstonetweaks.extra.trapdoor_lamps.tooltip": "Useful for animated redstone displays", "rpo.redstonetweaks.outlines": "Outlines", "rpo.redstonetweaks.outlines.concrete": "Concrete", "rpo.redstonetweaks.outlines.powder": "Concrete Powder", "rpo.redstonetweaks.outlines.terracotta": "Terracotta", "rpo.redstonetweaks.outlines.tooltip": "Choose which block outlines to show", "rpo.redstonetweaks.outlines.wool": "Wool", "rpo.redstonetweaks.preset.computational": "Computational", "rpo.redstonetweaks.preset.essentials": "Essentials", "rpo.redstonetweaks.preset.maximum": "Maximum", "rpo.redstonetweaks.preset.standard": "Standard", "rpo.redstonetweaks.redstone": "Redstone", "rpo.redstonetweaks.redstone.tooltip": "Toggle primary features", "rpo.redstonetweaks.redstone.bees": "Bee Nest & Hive", "rpo.redstonetweaks.redstone.bees.tooltip": "Show comparator output", "rpo.redstonetweaks.redstone.bell": "Bell", "rpo.redstonetweaks.redstone.bell.tooltip": "Show powered", "rpo.redstonetweaks.redstone.blast_furnace": "Blast Furnace", "rpo.redstonetweaks.redstone.blast_furnace.tooltip": "Show lit", "rpo.redstonetweaks.redstone.cake": "Cake", "rpo.redstonetweaks.redstone.cake.tooltip": "Show comparator output", "rpo.redstonetweaks.redstone.calibrated_sculk_sensor": "Calibrated Sculk Sensor", "rpo.redstonetweaks.redstone.calibrated_sculk_sensor.tooltip": "Show signal strength & cooldown", "rpo.redstonetweaks.redstone.cauldrons": "Cauldron", "rpo.redstonetweaks.redstone.cauldrons.tooltip": "Show comparator output", "rpo.redstonetweaks.redstone.comparator": "Redstone Comparator", "rpo.redstonetweaks.redstone.comparator.tooltip": "Show mode & bottom texture", "rpo.redstonetweaks.redstone.composter": "Composter", "rpo.redstonetweaks.redstone.composter.tooltip": "Show comparator output", "rpo.redstonetweaks.redstone.crafter": "Crafter", "rpo.redstonetweaks.redstone.crafter.tooltip": "Show triggered & crafting", "rpo.redstonetweaks.redstone.daylight_detector": "Daylight Detector", "rpo.redstonetweaks.redstone.daylight_detector.tooltip": "Show signal strength", "rpo.redstonetweaks.redstone.detector_rail": "Detector Rail", "rpo.redstonetweaks.redstone.detector_rail.tooltip": "Show powered", "rpo.redstonetweaks.redstone.droppers": "Dropper & Dispenser", "rpo.redstonetweaks.redstone.droppers.tooltip": "Show triggered & direction", "rpo.redstonetweaks.redstone.furnace": "Furnace", "rpo.redstonetweaks.redstone.furnace.tooltip": "Show lit", "rpo.redstonetweaks.redstone.hopper": "Hopper", "rpo.redstonetweaks.redstone.hopper.tooltip": "Show locked & direction", "rpo.redstonetweaks.redstone.iron_door": "Iron Door", "rpo.redstonetweaks.redstone.iron_door.tooltip": "Show powered", "rpo.redstonetweaks.redstone.jukebox": "Jukebox", "rpo.redstonetweaks.redstone.jukebox.tooltip": "Show playing", "rpo.redstonetweaks.redstone.leaves": "Leaves", "rpo.redstonetweaks.redstone.leaves.tooltip": "Show distance from log", "rpo.redstonetweaks.redstone.lectern": "Lectern", "rpo.redstonetweaks.redstone.lectern.tooltip": "Show powered", "rpo.redstonetweaks.redstone.lever": "Lever", "rpo.redstonetweaks.redstone.lever.tooltip": "Show powered & back texture", "rpo.redstonetweaks.redstone.note_block": "Note Block", "rpo.redstonetweaks.redstone.note_block.tooltip": "Show powered, note & instrument", "rpo.redstonetweaks.redstone.observer": "Observer", "rpo.redstonetweaks.redstone.observer.tooltip": "Show direction & powered", "rpo.redstonetweaks.redstone.ore": "Redstone Ore", "rpo.redstonetweaks.redstone.ore.tooltip": "Show lit", "rpo.redstonetweaks.redstone.pistons": "Pistons", "rpo.redstonetweaks.redstone.pistons.tooltip": "Show powered & sticky", "rpo.redstonetweaks.redstone.plates": "Weighted Pressure Plates", "rpo.redstonetweaks.redstone.plates.tooltip": "Show signal strength", "rpo.redstonetweaks.redstone.redstone_lamp": "Redstone Lamp", "rpo.redstonetweaks.redstone.redstone_lamp.tooltip": "Full square texture", "rpo.redstonetweaks.redstone.redstone_wire": "Redstone Dust", "rpo.redstonetweaks.redstone.redstone_wire.tooltip": "Show signal strength", "rpo.redstonetweaks.redstone.repeater": "Redstone Repeater", "rpo.redstonetweaks.redstone.repeater.tooltip": "Show delay & bottom texture", "rpo.redstonetweaks.redstone.respawn_anchor": "Respawn Anchor", "rpo.redstonetweaks.redstone.respawn_anchor.tooltip": "Show comparator output", "rpo.redstonetweaks.redstone.scaffolding": "Scaffolding", "rpo.redstonetweaks.redstone.scaffolding.tooltip": "Show distance", "rpo.redstonetweaks.redstone.sculk_sensor": "Sculk Sensor", "rpo.redstonetweaks.redstone.sculk_sensor.tooltip": "Show signal strength & cooldown", "rpo.redstonetweaks.redstone.smoker": "Smoker", "rpo.redstonetweaks.redstone.smoker.tooltip": "Show lit", "rpo.redstonetweaks.redstone.target": "Target", "rpo.redstonetweaks.redstone.target.tooltip": "Show signal strength", "rpo.redstonetweaks.redstone.trapped_chest": "Trapped Chest", "rpo.redstonetweaks.redstone.trapped_chest.tooltip": "Show trapped", "rpo.redstonetweaks.redstone.tripwire": "Tripwire", "rpo.redstonetweaks.redstone.tripwire.tooltip": "Show triggered & connected", "rpo.redstonetweaks.redstone.tripwire_hook": "Tripwire Hook", "rpo.redstonetweaks.redstone.tripwire_hook.tooltip": "Show triggered & connected", "rpo.redstonetweaks.style": "Style", "rpo.redstonetweaks.style.tooltip": "Modify textures for active features", "rpo.redstonetweaks.style.bees_show_0": "Bee Nest & Hive:\u00a77 Show comparator output 0", "rpo.redstonetweaks.style.cake_show_14": "Cake:\u00a77 Show comparator output 14", "rpo.redstonetweaks.style.cauldron": "Cauldron:\u00a77 Number style", "rpo.redstonetweaks.style.cauldron.animated": "Animated", "rpo.redstonetweaks.style.cauldron.dark": "Dark", "rpo.redstonetweaks.style.cauldron.static": "Static", "rpo.redstonetweaks.style.cauldron_show_0": "Cauldron:\u00a77 Show comparator output 0", "rpo.redstonetweaks.style.comparator": "Redstone Comparator:\u00a77 Mode symbol color when powered", "rpo.redstonetweaks.style.comparator.red": "Red", "rpo.redstonetweaks.style.comparator.white": "White", "rpo.redstonetweaks.style.composter": "Composter: \u00a77 Number style", "rpo.redstonetweaks.style.composter.dark": "Dark", "rpo.redstonetweaks.style.composter.light": "Light", "rpo.redstonetweaks.style.composter_show_0": "Composter:\u00a77 Show comparator output 0", "rpo.redstonetweaks.style.droppers_indicator": "Dropper & Dispenser:\u00a77 Back power indicator", "rpo.redstonetweaks.style.droppers_indicator.centered": "Centered", "rpo.redstonetweaks.style.droppers_indicator.raised": "Raised", "rpo.redstonetweaks.style.leaves_show_7": "Leaves:\u00a77 Show distance 7", "rpo.redstonetweaks.style.note_block_instrument": "Note Block:\u00a77 Show instrument", "rpo.redstonetweaks.style.note_block_note": "Note Block:\u00a77 Show note", "rpo.redstonetweaks.style.note_block_power": "Note Block:\u00a77 Power indicator", "rpo.redstonetweaks.style.note_block_power.glow": "Glow", "rpo.redstonetweaks.style.note_block_power.none": "None", "rpo.redstonetweaks.style.note_block_power.small": "Small", "rpo.redstonetweaks.style.observer_face": "Observer:\u00a77 Face", "rpo.redstonetweaks.style.observer_face.eyebrow": "Eyebrow", "rpo.redstonetweaks.style.observer_face.glasses": "Glasses", "rpo.redstonetweaks.style.observer_face.hmmmm": "Hmmmm", "rpo.redstonetweaks.style.observer_face.normal": "Normal", "rpo.redstonetweaks.style.observer_face.owobserver": "owobserver", "rpo.redstonetweaks.style.observer_face.pogserver": "Pogserver", "rpo.redstonetweaks.style.observer_face.rage": "Rage", "rpo.redstonetweaks.style.observer_face.scream": "Scream", "rpo.redstonetweaks.style.observer_face.think": "Think", "rpo.redstonetweaks.style.pistons_differentiate_sticky": "Pistons:\u00a77 Differentiate regular and sticky back", "rpo.redstonetweaks.style.pistons_indicator": "Pistons:\u00a77 Back power indicator", "rpo.redstonetweaks.style.pistons_indicator.corner": "Corner", "rpo.redstonetweaks.style.pistons_indicator.dark": "Dark", "rpo.redstonetweaks.style.pistons_indicator.metallic": "Metallic", "rpo.redstonetweaks.style.pistons_indicator.none": "None", "rpo.redstonetweaks.style.plates_show_0": "Weighted Pressure Plates:\u00a77 Show signal strength 0", "rpo.redstonetweaks.style.redstone_wire": "Redstone Dust:\u00a77 Wire style", "rpo.redstonetweaks.style.redstone_wire.clean": "Clean", "rpo.redstonetweaks.style.redstone_wire.vanilla": "Vanilla", "rpo.redstonetweaks.style.redstone_wire_numbers": "Redstone Dust:\u00a77 Signal strength numbers", "rpo.redstonetweaks.style.redstone_wire_numbers.hidden": "Hidden", "rpo.redstonetweaks.style.redstone_wire_numbers.show_1_15": "Only powered", "rpo.redstonetweaks.style.redstone_wire_numbers.show_all": "Show all", "rpo.redstonetweaks.style.repeater": "Redstone Repeater:\u00a77 Delay symbol color when powered", "rpo.redstonetweaks.style.repeater.red": "Red", "rpo.redstonetweaks.style.repeater.white": "White", "rpo.redstonetweaks.style.respawn_anchor_show_0": "Respawn Anchor:\u00a77 Show comparator output 0", "rpo.redstonetweaks.style.scaffolding_show_0": "Scaffolding:\u00a77 Show distance 0", "rpo.redstonetweaks.style.sculk_sensors_show_0": "Sculk Sensors:\u00a77 Show signal strength 0", "rpo.redstonetweaks.style.target_show_0": "Target:\u00a77 Show signal strength 0", "rpo.redstonetweaks.tooltips": "Tooltips", "rpo.redstonetweaks.tooltips.tooltip": "Show guides & tooltips", "rpo.redstonetweaks.tooltips.activation_duration": "Activation duration tooltips", "rpo.redstonetweaks.tooltips.activation_duration.tooltip": "Show activation duration for various (input) items", "rpo.redstonetweaks.tooltips.discs": "Music Discs:\u00a77 Comparator output & duration", "rpo.redstonetweaks.tooltips.jukebox": "Jukebox:\u00a77 Comparator output guide", "rpo.redstonetweaks.tooltips.sculk_sensors": "Sculk Sensors:\u00a77 Frequency guide", "rpo.redstonetweaks.tooltips.ss_barrel": "  \u2937 Barrel", "rpo.redstonetweaks.tooltips.ss_brewing": "  \u2937 Brewing Stand", "rpo.redstonetweaks.tooltips.ss_chests": "  \u2937 Chest & Double Chest", "rpo.redstonetweaks.tooltips.ss_chest_minecart": "  \u2937 Chest Minecart", "rpo.redstonetweaks.tooltips.ss_decorated_pot": "  \u2937 Decorated Pot", "rpo.redstonetweaks.tooltips.ss_droppers": "  \u2937 Dropper & Dispenser", "rpo.redstonetweaks.tooltips.ss_furnaces": "  \u2937 Furnace, Blast Furnace & Smoker", "rpo.redstonetweaks.tooltips.ss_hopper": "  \u2937 Hopper", "rpo.redstonetweaks.tooltips.ss_hopper_minecart": "  \u2937 Hopper Minecart", "rpo.redstonetweaks.tooltips.ss_override": "Comparator output charts \u00a7noverride", "rpo.redstonetweaks.tooltips.ss_override.all": "\u00a7a\u00a7lAll", "rpo.redstonetweaks.tooltips.ss_override.none": "\u00a7c\u00a7lNone", "rpo.redstonetweaks.tooltips.ss_override.select": "Selection", "rpo.redstonetweaks.tooltips.ss_shulker": "  \u2937 Shulker Box", "${activation_duration}block.minecraft.acacia_button": "\u039a\u03bf\u03c5\u03bc\u03c0\u03af \u0391\u03ba\u03b1\u03ba\u03af\u03b1\u03c2 \ue102\u22651.5s", "${activation_duration}block.minecraft.bamboo_button": "\u039a\u03bf\u03c5\u03bc\u03c0\u03af \u039c\u03c0\u03b1\u03bc\u03c0\u03bf\u03cd \ue102\u22651.5s", "${activation_duration}block.minecraft.birch_button": "\u039a\u03bf\u03c5\u03bc\u03c0\u03af \u03a3\u03b7\u03bc\u03cd\u03b4\u03b1\u03c2 \ue102\u22651.5s", "${activation_duration}block.minecraft.cherry_button": "\u039a\u03bf\u03c5\u03bc\u03c0\u03af \u039a\u03b5\u03c1\u03b1\u03c3\u03b9\u03ac\u03c2 \ue102\u22651.5s", "${activation_duration}block.minecraft.crimson_button": "\u0395\u03c1\u03c5\u03b8\u03c1\u03cc \u039a\u03bf\u03c5\u03bc\u03c0\u03af \ue102\u22651.5s", "${activation_duration}block.minecraft.dark_oak_button": "\u039a\u03bf\u03c5\u03bc\u03c0\u03af \u03a3\u03ba\u03bf\u03cd\u03c1\u03b1\u03c2 \u0392\u03b5\u03bb\u03b1\u03bd\u03b9\u03b4\u03b9\u03ac\u03c2 \ue102\u22651.5s", "${activation_duration}block.minecraft.jungle_button": "\u039a\u03bf\u03c5\u03bc\u03c0\u03af \u0396\u03bf\u03cd\u03b3\u03ba\u03bb\u03b1\u03c2 \ue102\u22651.5s", "${activation_duration}block.minecraft.mangrove_button": "\u039a\u03bf\u03c5\u03bc\u03c0\u03af \u039c\u03b1\u03b3\u03ba\u03c1\u03bf\u03b2\u03af\u03bf\u03c5 \ue102\u22651.5s", "${activation_duration}block.minecraft.oak_button": "\u039a\u03bf\u03c5\u03bc\u03c0\u03af \u0392\u03b5\u03bb\u03b1\u03bd\u03b9\u03b4\u03b9\u03ac\u03c2 \ue102\u22651.5s", "${activation_duration}block.minecraft.pale_oak_button": "\u039a\u03bf\u03c5\u03bc\u03c0\u03af \u039b\u03b5\u03c5\u03ba\u03ae\u03c2 \u0392\u03b5\u03bb\u03b1\u03bd\u03b9\u03b4\u03b9\u03ac\u03c2 \ue102\u22651.5s", "${activation_duration}block.minecraft.polished_blackstone_button": "\u039a\u03bf\u03c5\u03bc\u03c0\u03af \u0393\u03c5\u03b1\u03bb\u03b9\u03c3\u03bc\u03ad\u03bd\u03b7\u03c2 \u039c\u03b1\u03c5\u03c1\u03cc\u03c0\u03b5\u03c4\u03c1\u03b1\u03c2 \ue1021s", "${activation_duration}block.minecraft.spruce_button": "\u039a\u03bf\u03c5\u03bc\u03c0\u03af \u0395\u03bb\u03ac\u03c4\u03bf\u03c5 \ue102\u22651.5s", "${activation_duration}block.minecraft.stone_button": "\u039a\u03bf\u03c5\u03bc\u03c0\u03af \u03a0\u03ad\u03c4\u03c1\u03b1\u03c2 \ue1021s", "${activation_duration}block.minecraft.warped_button": "\u03a3\u03c4\u03c1\u03b5\u03b2\u03bb\u03c9\u03bc\u03ad\u03bd\u03bf \u039a\u03bf\u03c5\u03bc\u03c0\u03af \ue102\u22651.5s", "${activation_duration}block.minecraft.acacia_pressure_plate": "\u03a0\u03bb\u03ac\u03ba\u03b1 \u03a0\u03af\u03b5\u03c3\u03b7\u03c2 \u0391\u03ba\u03b1\u03ba\u03af\u03b1\u03c2 \ue102\u22651s", "${activation_duration}block.minecraft.bamboo_pressure_plate": "\u03a0\u03bb\u03ac\u03ba\u03b1 \u03a0\u03af\u03b5\u03c3\u03b7\u03c2 \u039c\u03c0\u03b1\u03bc\u03c0\u03bf\u03cd \ue102\u22651s", "${activation_duration}block.minecraft.birch_pressure_plate": "\u03a0\u03bb\u03ac\u03ba\u03b1 \u03a0\u03af\u03b5\u03c3\u03b7\u03c2 \u03a3\u03b7\u03bc\u03cd\u03b4\u03b1\u03c2 \ue102\u22651s", "${activation_duration}block.minecraft.cherry_pressure_plate": "\u03a0\u03bb\u03ac\u03ba\u03b1 \u03a0\u03af\u03b5\u03c3\u03b7\u03c2 \u039a\u03b5\u03c1\u03b1\u03c3\u03b9\u03ac\u03c2 \ue102\u22651s", "${activation_duration}block.minecraft.crimson_pressure_plate": "\u0395\u03c1\u03c5\u03b8\u03c1\u03ae \u03a0\u03bb\u03ac\u03ba\u03b1 \u03a0\u03af\u03b5\u03c3\u03b7\u03c2 \ue102\u22651s", "${activation_duration}block.minecraft.dark_oak_pressure_plate": "\u03a0\u03bb\u03ac\u03ba\u03b1 \u03a0\u03af\u03b5\u03c3\u03b7\u03c2 \u03a3\u03ba\u03bf\u03cd\u03c1\u03b1\u03c2 \u0392\u03b5\u03bb\u03b1\u03bd\u03b9\u03b4\u03b9\u03ac\u03c2 \ue102\u22651s", "${activation_duration}block.minecraft.heavy_weighted_pressure_plate": "\u03a0\u03bb\u03ac\u03ba\u03b1 \u03a0\u03af\u03b5\u03c3\u03b7\u03c2 \u039c\u03b5\u03b3\u03ac\u03bb\u03bf\u03c5 \u0392\u03ac\u03c1\u03bf\u03c5\u03c2 \ue102\u22650.5s", "${activation_duration}block.minecraft.jungle_pressure_plate": "\u03a0\u03bb\u03ac\u03ba\u03b1 \u03a0\u03af\u03b5\u03c3\u03b7\u03c2 \u0396\u03bf\u03cd\u03b3\u03ba\u03bb\u03b1\u03c2 \ue102\u22651s", "${activation_duration}block.minecraft.light_weighted_pressure_plate": "\u03a0\u03bb\u03ac\u03ba\u03b1 \u03a0\u03af\u03b5\u03c3\u03b7\u03c2 \u039c\u03b9\u03ba\u03c1\u03bf\u03cd \u0392\u03ac\u03c1\u03bf\u03c5\u03c2 \ue102\u22650.5s", "${activation_duration}block.minecraft.mangrove_pressure_plate": "\u03a0\u03bb\u03ac\u03ba\u03b1 \u03a0\u03af\u03b5\u03c3\u03b7\u03c2 \u039c\u03b1\u03b3\u03ba\u03c1\u03bf\u03b2\u03af\u03bf\u03c5 \ue102\u22651s", "${activation_duration}block.minecraft.oak_pressure_plate": "\u03a0\u03bb\u03ac\u03ba\u03b1 \u03a0\u03af\u03b5\u03c3\u03b7\u03c2 \u0392\u03b5\u03bb\u03b1\u03bd\u03b9\u03b4\u03b9\u03ac\u03c2 \ue102\u22651s", "${activation_duration}block.minecraft.pale_oak_pressure_plate": "\u03a0\u03bb\u03ac\u03ba\u03b1 \u03a0\u03af\u03b5\u03c3\u03b7\u03c2 \u039b\u03b5\u03c5\u03ba\u03ae\u03c2 \u0392\u03b5\u03bb\u03b1\u03bd\u03b9\u03b4\u03b9\u03ac\u03c2 \ue102\u22651s", "${activation_duration}block.minecraft.polished_blackstone_pressure_plate": "\u03a0\u03bb\u03ac\u03ba\u03b1 \u03a0\u03af\u03b5\u03c3\u03b7\u03c2 \u0393\u03c5\u03b1\u03bb\u03b9\u03c3\u03bc\u03ad\u03bd\u03b7\u03c2 \u039c\u03b1\u03c5\u03c1\u03cc\u03c0\u03b5\u03c4\u03c1\u03b1\u03c2 \ue102\u22651s", "${activation_duration}block.minecraft.spruce_pressure_plate": "\u03a0\u03bb\u03ac\u03ba\u03b1 \u03a0\u03af\u03b5\u03c3\u03b7\u03c2 \u0395\u03bb\u03ac\u03c4\u03bf\u03c5 \ue102\u22651s", "${activation_duration}block.minecraft.stone_pressure_plate": "\u03a0\u03bb\u03ac\u03ba\u03b1 \u03a0\u03af\u03b5\u03c3\u03b7\u03c2 \u03a0\u03ad\u03c4\u03c1\u03b1\u03c2 \ue102\u22651s", "${activation_duration}block.minecraft.warped_pressure_plate": "\u03a3\u03c4\u03c1\u03b5\u03b2\u03bb\u03c9\u03bc\u03ad\u03bd\u03b7 \u03a0\u03bb\u03ac\u03ba\u03b1 \u03a0\u03af\u03b5\u03c3\u03b7\u03c2 \ue102\u22651s", "${sculk_both}block.minecraft.calibrated_sculk_sensor": "\uf7fc\u00a7f\ue014\uf780\uf7f0\uf7f8\uf7fc\uf7fe\u03a1\u03c5\u03b8\u03bc\u03b9\u03b6\u03cc\u03bc\u03b5\u03bd\u03bf\u03c2 \u0391\u03b9\u03c3\u03b8\u03b7\u03c4\u03ae\u03c1\u03b1\u03c2 \u03a3\u03ba\u03b1\u03bb\u03ba \ue1020.5s", "${sculk_chart}block.minecraft.calibrated_sculk_sensor": "\uf7fc\u00a7f\ue014\uf780\uf7f0\uf7f8\uf7fc\uf7fe\u03a1\u03c5\u03b8\u03bc\u03b9\u03b6\u03cc\u03bc\u03b5\u03bd\u03bf\u03c2 \u0391\u03b9\u03c3\u03b8\u03b7\u03c4\u03ae\u03c1\u03b1\u03c2 \u03a3\u03ba\u03b1\u03bb\u03ba", "${sculk_duration}block.minecraft.calibrated_sculk_sensor": "\u03a1\u03c5\u03b8\u03bc\u03b9\u03b6\u03cc\u03bc\u03b5\u03bd\u03bf\u03c2 \u0391\u03b9\u03c3\u03b8\u03b7\u03c4\u03ae\u03c1\u03b1\u03c2 \u03a3\u03ba\u03b1\u03bb\u03ba \ue1020.5s", "${ss_decorated_pot}block.minecraft.decorated_pot": "\uf7fc\u00a7f\ue015\uf780\uf7fc\uf7fe\uf7ff\u0394\u03b9\u03b1\u03ba\u03bf\u03c3\u03bc\u03b7\u03bc\u03ad\u03bd\u03bf \u0391\u03b3\u03b3\u03b5\u03af\u03bf", "${activation_duration}block.minecraft.detector_rail": "\u03a1\u03ac\u03b3\u03b1 \u0391\u03bd\u03af\u03c7\u03bd\u03b5\u03c5\u03c3\u03b7\u03c2 \ue102\u22651s", "${jukebox}block.minecraft.jukebox": "\uf7fc\u00a7f\ue013\uf7c0\uf7e0\uf7f0\uf7f8\uf7fc\uf7ff\u03a4\u03b6\u03bf\u03cd\u03ba\u03bc\u03c0\u03bf\u03be", "${activation_duration}block.minecraft.lectern": "\u0391\u03bd\u03b1\u03bb\u03cc\u03b3\u03b9\u03bf \ue1020.1s", "${activation_duration}block.minecraft.lightning_rod": "\u0391\u03bb\u03b5\u03be\u03b9\u03ba\u03ad\u03c1\u03b1\u03c5\u03bd\u03bf \ue1020.4s", "${sculk_both}block.minecraft.sculk_sensor": "\uf7fc\u00a7f\ue014\uf780\uf7f0\uf7f8\uf7fc\uf7fe\u0391\u03b9\u03c3\u03b8\u03b7\u03c4\u03ae\u03c1\u03b1\u03c2 \u03a3\u03ba\u03b1\u03bb\u03ba \ue1021.5s", "${sculk_chart}block.minecraft.sculk_sensor": "\uf7fc\u00a7f\ue014\uf780\uf7f0\uf7f8\uf7fc\uf7fe\u0391\u03b9\u03c3\u03b8\u03b7\u03c4\u03ae\u03c1\u03b1\u03c2 \u03a3\u03ba\u03b1\u03bb\u03ba", "${sculk_duration}block.minecraft.sculk_sensor": "\u0391\u03b9\u03c3\u03b8\u03b7\u03c4\u03ae\u03c1\u03b1\u03c2 \u03a3\u03ba\u03b1\u03bb\u03ba \ue1021.5s", "${activation_duration}block.minecraft.target": "\u03a3\u03c4\u03cc\u03c7\u03bf\u03c2 \ue1020.4s,1s", "${activation_duration}block.minecraft.tripwire_hook": "\u0393\u03ac\u03bd\u03c4\u03b6\u03bf\u03c2 \u03a0\u03bb\u03ad\u03b3\u03bc\u03b1\u03c4\u03bf\u03c2 \u039a\u03bb\u03c9\u03c3\u03c4\u03ae\u03c2 \ue102\u22650.5s", "${ss_brewing}container.brewing": "\u00a7f\ue001\uf820\uf808\uf802\u00a7r\u03a0\u03ac\u03b3\u03ba\u03bf\u03c2 \u03a0\u03b1\u03c1\u03b1\u03c3\u03ba\u03b5\u03c5\u03ae\u03c2\uf820\uf808\uf802\u00a7f\ue002\uf804\uf801", "${ss_barrel}container.barrel": "\u0392\u03b1\u03c1\u03ad\u03bb\u03b9\uf880\uf808\uf802\uf801\u00a7f\ue010", "${ss_furnaces}container.blast_furnace": "\uf880\uf820\uf810\u03a5\u03c8\u03b9\u03ba\u03ac\u03bc\u03b9\u03bd\u03bf\u03c2\uf840\uf801\u00a7f\ue005", "${ss_chests}container.chest": "\u03a3\u03b5\u03bd\u03c4\u03bf\u03cd\u03ba\u03b9\uf880\u00a7f\ue009", "${ss_chests}container.chestDouble": "\u039c\u03b5\u03b3\u03ac\u03bb\u03bf \u03a3\u03b5\u03bd\u03c4\u03bf\u03cd\u03ba\u03b9\uf840\uf810\uf808\u00a7f\ue012", "${ss_droppers}container.dispenser": "\uf880\uf820\uf810\uf801\u0394\u03b9\u03b1\u03bd\u03bf\u03bc\u03ad\u03b1\u03c2\uf840\uf802\u00a7f\ue008", "${ss_droppers}container.dropper": "\uf880\uf820\uf810\uf808\uf802\u03a1\u03af\u03c7\u03c4\u03b7\u03c2\uf840\uf808\uf802\uf801\u00a7f\ue007", "${ss_furnaces}container.furnace": "\uf880\uf820\uf810\uf804\uf801\u03a6\u03bf\u03cd\u03c1\u03bd\u03bf\u03c2\uf840\uf804\uf802\uf801\u00a7f\ue003", "${ss_hopper}container.hopper": "\u03a7\u03bf\u03ac\u03bd\u03b7 \u0391\u03bd\u03c4\u03b9\u03ba\u03b5\u03b9\u03bc\u03ad\u03bd\u03c9\u03bd\uf840\uf804\uf802\uf801\u00a7f\ue006", "${ss_shulker}container.shulkerBox": "\u039a\u03b9\u03b2\u03ce\u03c4\u03b9\u03bf \u03a3\u03ac\u03bb\u03ba\u03b5\u03c1\uf840\uf810\uf808\uf804\uf802\uf801\u00a7f\ue011", "${ss_furnaces}container.smoker": "\uf880\uf820\uf808\uf804\uf802\uf801\u039a\u03b1\u03c0\u03bd\u03b9\u03c3\u03c4\u03ae\u03c1\u03b9\uf840\u00a7f\ue004", "${ss_chest_minecart}entity.minecraft.chest_minecart": "\u0392\u03b1\u03b3\u03bf\u03bd\u03ad\u03c4\u03bf \u03bc\u03b5 \u03a3\u03b5\u03bd\u03c4\u03bf\u03cd\u03ba\u03b9\uf820\uf810\uf808\uf804\u00a7f\ue009", "${ss_hopper_minecart}entity.minecraft.hopper_minecart": "\u0392\u03b1\u03b3\u03bf\u03bd\u03ad\u03c4\u03bf \u03bc\u03b5 \u03a7\u03bf\u03ac\u03bd\u03b7\uf840\uf808\uf802\u00a7f\ue006", "${discs}jukebox_song.minecraft.11": "C418 - 11 \u00a7f\ue101\u00a7711 \u00a7f\ue102\u00a771:12.1", "${discs}jukebox_song.minecraft.13": "C418 - 13 \u00a7f\ue101\u00a771 \u00a7f\ue102\u00a772:59.1", "${discs}jukebox_song.minecraft.5": "\u03a3\u03ac\u03bc\u03bf\u03c5\u03b5\u03bb \u038c\u03bc\u03c0\u03b5\u03c1\u03b3\u03ba - 5 \u00a7f\ue101\u00a7715 \u00a7f\ue102\u00a772:59.1", "${discs}jukebox_song.minecraft.blocks": "C418 - blocks \u00a7f\ue101\u00a773 \u00a7f\ue102\u00a775:46.1", "${discs}jukebox_song.minecraft.cat": "C418 - cat \u00a7f\ue101\u00a772 \u00a7f\ue102\u00a773:06.1", "${discs}jukebox_song.minecraft.chirp": "C418 - chirp \u00a7f\ue101\u00a774 \u00a7f\ue102\u00a773:06.1", "${discs}jukebox_song.minecraft.creator_music_box": "\u039b\u03ad\u03bd\u03b1 \u03a1\u03ad\u03b9\u03bd - Creator (\u039c\u03bf\u03c5\u03c3\u03b9\u03ba\u03cc \u039a\u03bf\u03c5\u03c4\u03af) \u00a7f\ue101\u00a7711 \u00a7f\ue102\u00a771:14.1", "${discs}jukebox_song.minecraft.creator": "\u039b\u03ad\u03bd\u03b1 \u03a1\u03ad\u03b9\u03bd - Creator \u00a7f\ue101\u00a7712 \u00a7f\ue102\u00a772:57.1", "${discs}jukebox_song.minecraft.far": "C418 - far \u00a7f\ue101\u00a775 \u00a7f\ue102\u00a772:55.1", "${discs}jukebox_song.minecraft.lava_chicken": "Hyper Potions - Lava Chicken \u00a7f\ue101\u00a779 \u00a7f\ue102\u00a772:15.1", "${discs}jukebox_song.minecraft.mall": "C418 - mall \u00a7f\ue101\u00a776 \u00a7f\ue102\u00a773:18.1", "${discs}jukebox_song.minecraft.mellohi": "C418 - mellohi \u00a7f\ue101\u00a777 \u00a7f\ue102\u00a771:37.1", "${discs}jukebox_song.minecraft.otherside": "\u039b\u03ad\u03bd\u03b1 \u03a1\u03ad\u03b9\u03bd - otherside \u00a7f\ue101\u00a7714 \u00a7f\ue102\u00a773:16.1", "${discs}jukebox_song.minecraft.pigstep": "\u039b\u03ad\u03bd\u03b1 \u03a1\u03ad\u03b9\u03bd - Pigstep \u00a7f\ue101\u00a7713 \u00a7f\ue102\u00a772:30.1", "${discs}jukebox_song.minecraft.precipice": "\u0386\u03b1\u03c1\u03bf\u03bd \u03a3\u03ad\u03c1\u03bf\u03c6 - Precipice \u00a7f\ue101\u00a7713 \u00a7f\ue102\u00a775:00.1", "${discs}jukebox_song.minecraft.relic": "\u0386\u03b1\u03c1\u03bf\u03bd \u03a3\u03ad\u03c1\u03bf\u03c6 - Relic \u00a7f\ue101\u00a7714 \u00a7f\ue102\u00a773:39.1", "${discs}jukebox_song.minecraft.stal": "C418 - stal \u00a7f\ue101\u00a778 \u00a7f\ue102\u00a772:31.1", "${discs}jukebox_song.minecraft.strad": "C418 - strad \u00a7f\ue101\u00a779 \u00a7f\ue102\u00a773:09.1", "${discs}jukebox_song.minecraft.tears": "\u0388\u03b9\u03bc\u03bf\u03c2 \u03a1\u03cc\u03bd\u03c4\u03b9 - Tears \u00a7f\ue101\u00a7710 \u00a7f\ue102\u00a772:56.1", "${discs}jukebox_song.minecraft.wait": "C418 - wait \u00a7f\ue101\u00a7712 \u00a7f\ue102\u00a773:59.1", "${discs}jukebox_song.minecraft.ward": "C418 - ward \u00a7f\ue101\u00a7710 \u00a7f\ue102\u00a774:12.1"}